constraints_of_government_powers__en,absence_of_corruption__en,open_government__en,fundamental_freedoms__en,order_and_security__en,regulatory_enforcement__en,civil_justice__en,criminal_justice__en,constraints_of_government_powers__cs,constraints_of_government_powers__ga,constraints_of_government_powers__hr,constraints_of_government_powers__mt,constraints_of_government_powers__fr,constraints_of_government_powers__tr,constraints_of_government_powers__nl,constraints_of_government_powers__pl,constraints_of_government_powers__lt,constraints_of_government_powers__bg,constraints_of_government_powers__sv,constraints_of_government_powers__fi,constraints_of_government_powers__da,constraints_of_government_powers__lb,constraints_of_government_powers__lv,constraints_of_government_powers__pt,constraints_of_government_powers__sl,constraints_of_government_powers__el,constraints_of_government_powers__ro,constraints_of_government_powers__it,constraints_of_government_powers__hu,constraints_of_government_powers__es,constraints_of_government_powers__de,constraints_of_government_powers__et,absence_of_corruption__cs,absence_of_corruption__ga,absence_of_corruption__hr,absence_of_corruption__mt,absence_of_corruption__fr,absence_of_corruption__tr,absence_of_corruption__nl,absence_of_corruption__pl,absence_of_corruption__lt,absence_of_corruption__bg,absence_of_corruption__sk,absence_of_corruption__sv,absence_of_corruption__fi,absence_of_corruption__da,absence_of_corruption__lb,absence_of_corruption__lv,absence_of_corruption__pt,absence_of_corruption__sl,absence_of_corruption__el,absence_of_corruption__ro,absence_of_corruption__it,absence_of_corruption__hu,absence_of_corruption__es,absence_of_corruption__de,absence_of_corruption__et,open_government__cs,open_government__ga,open_government__mt,open_government__fr,open_government__tr,open_government__nl,open_government__pl,open_government__lt,open_government__bg,open_government__sk,open_government__sv,open_government__fi,open_government__da,open_government__lb,open_government__lv,open_government__pt,open_government__sl,open_government__el,open_government__ro,open_government__it,open_government__hu,open_government__es,open_government__et,fundamental_freedoms__cs,fundamental_freedoms__ga,fundamental_freedoms__hr,fundamental_freedoms__mt,fundamental_freedoms__fr,fundamental_freedoms__tr,fundamental_freedoms__nl,fundamental_freedoms__pl,fundamental_freedoms__lt,fundamental_freedoms__bg,fundamental_freedoms__sk,fundamental_freedoms__sv,fundamental_freedoms__fi,fundamental_freedoms__da,fundamental_freedoms__lb,fundamental_freedoms__lv,fundamental_freedoms__pt,fundamental_freedoms__sl,fundamental_freedoms__el,fundamental_freedoms__ro,fundamental_freedoms__it,fundamental_freedoms__hu,fundamental_freedoms__es,fundamental_freedoms__de,constraints_of_government_powers__sk,open_government__hr,open_government__de,fundamental_freedoms__et,order_and_security__el,order_and_security__lv,order_and_security__da,order_and_security__ga,order_and_security__hu,order_and_security__cs,order_and_security__fr,order_and_security__sl,order_and_security__lt,order_and_security__sv,order_and_security__hr,order_and_security__it,order_and_security__mt,order_and_security__tr,order_and_security__bg,order_and_security__nl,order_and_security__et,order_and_security__sk,order_and_security__fi,order_and_security__es,order_and_security__ro,order_and_security__lb,order_and_security__pl,order_and_security__de,order_and_security__pt,regulatory_enforcement__el,regulatory_enforcement__lv,regulatory_enforcement__da,regulatory_enforcement__ga,regulatory_enforcement__hu,regulatory_enforcement__cs,regulatory_enforcement__fr,regulatory_enforcement__sl,regulatory_enforcement__lt,regulatory_enforcement__sv,regulatory_enforcement__hr,regulatory_enforcement__it,regulatory_enforcement__mt,regulatory_enforcement__tr,regulatory_enforcement__bg,regulatory_enforcement__nl,regulatory_enforcement__et,regulatory_enforcement__sk,regulatory_enforcement__fi,regulatory_enforcement__es,regulatory_enforcement__ro,regulatory_enforcement__lb,regulatory_enforcement__pl,regulatory_enforcement__de,regulatory_enforcement__pt,civil_justice__el,civil_justice__lv,civil_justice__da,civil_justice__ga,civil_justice__hu,civil_justice__cs,civil_justice__fr,civil_justice__sl,civil_justice__lt,civil_justice__sv,civil_justice__hr,civil_justice__it,civil_justice__mt,civil_justice__tr,civil_justice__bg,civil_justice__nl,civil_justice__et,civil_justice__sk,civil_justice__fi,civil_justice__es,civil_justice__ro,civil_justice__lb,civil_justice__pl,civil_justice__de,civil_justice__pt,criminal_justice__el,criminal_justice__lv,criminal_justice__da,criminal_justice__ga,criminal_justice__hu,criminal_justice__cs,criminal_justice__et,criminal_justice__bg,criminal_justice__pt,criminal_justice__fi,criminal_justice__pl,criminal_justice__tr,criminal_justice__sl,criminal_justice__hr,criminal_justice__fr,criminal_justice__de,criminal_justice__lb,criminal_justice__ro,criminal_justice__it,criminal_justice__lt,criminal_justice__mt,criminal_justice__es,criminal_justice__sk,criminal_justice__nl,criminal_justice__sv
Counterweight,Corruption,Information,Human Rights,Order,Regulatory enforcement/control,Civil Justice,Criminal Justice,Protiváha,Frithmheáchan,Protuteža,Kontrapiż,Contrepoids,Karşı ağırlık,Tegengewicht,Przeciwwaga,Atsvara,Противотежест,Motvikt,Vastapaino,Modvægt,Géigegewiicht,Pretsvars,Contrapeso,Protiutež,Αντίβαρο,Contragreutate,Contrappeso,Ellensúly,Contrapeso,Gegengewicht,Vastukaal,Korupce,Éilliú,Korupcija,Korruzzjoni,la corruption,Yolsuzluk,Corruptie,Korupcja,Korupcija,Корупцията,korupcia,Korruption,Korruptio,Korruption,Korruptioun,Korupcija,Corrupção,Korupcija,Διαφθορά,Corupţie,Corruzione,Korrupció,Corrupción,Korruption,Korruptsioon,Informace,Eolas,Informazzjoni,Information,Bilgi,Informatie,Informacja,Informacija,Информация,Informácie,Information,Tiedot,Information,Informatiounen,Informācija,Informação,Informacije,Πληροφορίες,informație,Informazione,Információ,Información,Teave,Lidská práva,Cearta daonna,Ljudska prava,Drittijiet umani,Droits humains,İnsan hakları,Mensenrechten,Prawa człowieka,Žmonių teisės,Човешки права,Ľudské práva,Mänskliga rättigheter,Ihmisoikeudet,Menneskerettigheder,Mënscherechter,Cilvēktiesības,Direitos humanos,Človekove pravice,Ανθρώπινα δικαιώματα,Drepturile omului,Diritti umani,Emberi jogok,Derechos humanos,Menschenrechte,Protiváha,Informacija,Information,Inimõigused,Σειρά,Pasūtiet,Bestille,Ordú,Rendelés,Objednat,Commande,naročilo,Įsakymas,Beställa,Narudžba,Ordine,Ordni,Emir,Поръчка,Volgorde,Telli,objednať,Tilaus,Orden,Ordin,Uerdnung,Zamówienie,Befehl,Ordem,Κανονιστική επιβολή/έλεγχος,Normatīvā izpilde/kontrole,Reguleringshåndhævelse/kontrol,Forfheidhmiú/rialú rialála,Szabályozási végrehajtás/ellenőrzés,Regulační prosazování/kontrola,Application/contrôle réglementaire,Izvrševanje predpisov/nadzor,Teisės aktų vykdymas/kontrolė,Tillämpning/kontroll,Provedba/kontrola propisa,Applicazione/controllo normativo,Infurzar/kontroll regolatorju,Düzenleyici yaptırım/kontrol,Регулаторно прилагане/контрол,Handhaving/controle van de regelgeving,Regulatiivne jõustamine/kontroll,Regulačné presadzovanie/kontrola,Sääntelyn täytäntöönpano/valvonta,Aplicación/control regulatorio,Aplicarea/controlul reglementărilor,Regulatioun Duerchféierung / Kontroll,Egzekwowanie/kontrola przepisów,Durchsetzung/Kontrolle von Vorschriften,Aplicação/controle regulatório,Αστική Δικαιοσύνη,Civiltiesības,Civilret,Ceartas Sibhialta,Polgári igazságszolgáltatás,Civilní spravedlnost,Justice civile,Civilno pravosodje,Civilinė teisena,Civilrätt,Građansko pravosuđe,Giustizia civile,Ġustizzja Ċivili,Sivil Adalet,Гражданско правосъдие,Civiel recht,Tsiviilõigus,Civilná justícia,Siviilioikeus,Justicia civil,Justiție civilă,Civil Justice,Sprawiedliwość cywilna,Ziviljustiz,Justiça Civil,Ποινικής Δικαιοσύνης,Krimināltiesību,Strafferet,Ceartas Coiriúil,Büntető igazságszolgáltatás,Kriminální spravedlnost,Kriminaalõigus,Криминално право,Justiça Criminal,Rikosoikeus,Sprawiedliwość karna,Ceza Adaleti,Kazenskega pravosodja,Kazneno pravosuđe,Justice criminelle,Strafrechtspflege,Criminal Justice,Justiție penală,Giustizia criminale,Baudžiamoji justicija,Ġustizzja Kriminali,Justicia penal,Kriminálna justícia,Strafrecht,Brottsrätt
Constraints,Anti-corruption,Transparency,Civil Liberties,Law,Regulations,Justice,Justice,Omezení,Srianta,Ograničenja,Limitazzjonijiet,Contraintes,Kısıtlamalar,Beperkingen,Ograniczenia,Apribojimai,Ограничения,Begränsningar,Rajoitukset,Begrænsninger,Aschränkungen,Ierobežojumi,Restrições,Omejitve,Περιορισμοί,Constrângeri,Vincoli,Korlátok,Restricciones,Einschränkungen,Piirangud,Protikorupční,Frith-éillithe,Antikorupcija,Kontra l-korruzzjoni,Lutte contre la corruption,Yolsuzlukla mücadele,Anti-corruptie,Przeciw Korupcji,Antikorupcija,Антикорупция,proti korupcii,Anti-korruption,Korruption vastainen,Anti-korruption,Anti-Korruptioun,Pretkorupcija,Anticorrupção,Boj proti korupciji,Καταπολέμηση της διαφθοράς,Anti-corupție,Anti corruzione,Korrupcióellenesség,Anti corrupcion,Anti-Korruption,Korruptsioonivastane,Průhlednost,Trédhearcacht,Trasparenza,Transparence,Şeffaflık,Transparantie,Przezroczystość,Skaidrumas,Прозрачност,Transparentnosť,Genomskinlighet,Läpinäkyvyys,Gennemsigtighed,Transparenz,Pārredzamība,Transparência,Preglednost,Διαφάνεια,Transparenţă,Trasparenza,Átláthatóság,Transparencia,Läbipaistvus,Občanské svobody,Saoirsí Sibhialta,Građanske slobode,Libertajiet Ċivili,Libertés civiles,Sivil Özgürlükler,Burgerlijke vrijheden,Swobody obywatelskie,Pilietinės laisvės,Граждански свободи,Občianske slobody,Medborgerliga friheter,Kansalaisvapaudet,Borgerlige Frihedsrettigheder,Biergerfräiheeten,Pilsoņu brīvības,Liberdades civis,Državljanske svoboščine,Πολιτικές ελευθερίες,Libertăți civile,Libertà civili,Polgári szabadságjog,Libertades civiles,Bürgerliche Freiheiten,Obmedzenia,Transparentnost,Transparenz,Kodanikuõigused,Νόμος,Likums,Lov,Dlí,Törvény,Zákon,Loi,Zakon,Teisė,Lag,Zakon,Legge,Liġi,Kanun,закон,Wet,Seadus,zákon,Laki,Ley,Lege,Gesetz,Prawo,Gesetz,Lei,Κανονισμοί,Noteikumi,Forskrifter,Rialacháin,Előírások,Předpisy,Règlements,Predpisi,Reglamentas,förordningar,Propisi,Regolamenti,Regolamenti,Düzenlemeler,Регламенти,Regelgeving,määrused,nariadenia,määräyksiä,Reglamentos,Reguli,Reglementer,Przepisy prawne,Vorschriften,Regulamentos,δικαιοσύνη,Taisnīgums,Retfærdighed,Ceartas,Igazságszolgáltatás,Spravedlnost,Justice,pravičnost,Teisingumas,Rättvisa,Pravda,giustizia,Ġustizzja,Adalet,справедливост,Gerechtigheid,Õiglus,Spravodlivosť,Oikeudenmukaisuus,Justicia,Justiţie,Gerechtegkeet,Sprawiedliwość,Gerechtigkeit,Justiça,δικαιοσύνη,Taisnīgums,Retfærdighed,Ceartas,Igazságszolgáltatás,Spravedlnost,Õiglus,справедливост,Justiça,Oikeudenmukaisuus,Sprawiedliwość,Adalet,pravičnost,Pravda,Justice,Gerechtigkeit,Gerechtegkeet,Justiţie,giustizia,Teisingumas,Ġustizzja,Justicia,Spravodlivosť,Gerechtigheid,Rättvisa
Limits,Bribery,Transparent,Individual Rights,Peace,Administrative proceedings,Justice discrimination,Justice discrimination,Limity,Teorainneacha,Ograničenja,Limiti,Limites,Sınırlar,Grenzen,Limity,Ribos,Ограничения,Gränser,Rajoitukset,Grænser,Grenzen,Ierobežojumi,Limites,Omejitve,Όρια,Limite,Limiti,Korlátok,Límites,Grenzen,Piirid,Podplácení,Breabaireacht,Podmićivanje,Tixħim,Corruption,Rüşvet,Omkoping,Łapówkarstwo,Kyšininkavimas,Подкупване,Úplatkárstvo,Bestickning,Lahjonta,Bestikkelse,Bestiechung,Kukuļošana,Suborno,Podkupovanje,Δωροδοκία,Mită,Corruzione,Megvesztegetés,Soborno,Bestechung,Altkäemaksu andmine,Průhledný,Trédhearcach,Trasparenti,Transparent,Şeffaf,Transparant,Przezroczysty,Skaidrus,Прозрачен,Transparentné,Transparent,Läpinäkyvä,Gennemsigtig,Transparent,Caurspīdīgs,Transparente,Pregleden,Διαφανής,Transparent,Trasparente,Átlátszó,Transparente,Läbipaistev,Individuální práva,Cearta Aonair,Individualna prava,Drittijiet Individwali,Droits individuels,Bireysel haklar,Individuele rechten,Indywidualne prawa,Asmens teisės,Индивидуални права,Individuálne práva,Individuella rättigheter,Yksilölliset oikeudet,Individuelle rettigheder,Individuell Rechter,Individuālās tiesības,Direitos individuais,Individualne pravice,Ατομικά Δικαιώματα,Drepturi individuale,Diritti individuali,Egyéni jogok,Derechos individuales,Individual Rechte,Limity,Transparentan,Transparent,Üksikisiku õigused,Ειρήνη,Miers,Fred,Síocháin,Béke,Mír,Paix,Mir,Ramybė,Fred,Mir,Pace,Paċi,Barış,Мир,Vrede,Rahu,Mier,Rauha,Paz,Pace,Fridden,Pokój,Frieden,Paz,Διοικητικές διαδικασίες,Administratīvā lietvedība,Administrative procedurer,Imeachtaí riaracháin,Közigazgatási eljárások,Správní řízení,Procédures administratives,Upravni postopki,Administracinės bylos nagrinėjimas,Administrativa förfaranden,Upravni postupak,Procedimenti amministrativi,Proċedimenti amministrattivi,İdari işlemler,Административно производство,Administratieve procedures,Haldusmenetlus,Správne konanie,Hallinnolliset menettelyt,Procedimientos administrativos,Proceduri administrative,Administrativ Prozeduren,Postępowanie administracyjne,Verwaltungsverfahren,Processos administrativos,Διακρίσεις στη δικαιοσύνη,Tiesiskuma diskriminācija,Retfærdighedsdiskrimination,Idirdhealú ceartais,Az igazságszolgáltatás diszkriminációja,Justiční diskriminace,Discrimination judiciaire,Pravična diskriminacija,Teisingumo diskriminacija,Rättvisa diskriminering,Pravosudna diskriminacija,Discriminazione della giustizia,Diskriminazzjoni tal-ġustizzja,Adalet ayrımcılığı,Справедлива дискриминация,Discriminatie door justitie,Õigluse diskrimineerimine,Spravodlivá diskriminácia,Oikeudenmukainen syrjintä,Discriminación judicial,Justiție discriminare,Gerechtegkeet Diskriminatioun,Dyskryminacja sprawiedliwości,Gerechtigkeitsdiskriminierung,Discriminação na justiça,Διακρίσεις στη δικαιοσύνη,Tiesiskuma diskriminācija,Retfærdighedsdiskrimination,Idirdhealú ceartais,Az igazságszolgáltatás diszkriminációja,Justiční diskriminace,Õigluse diskrimineerimine,Справедлива дискриминация,Discriminação na justiça,Oikeudenmukainen syrjintä,Dyskryminacja sprawiedliwości,Adalet ayrımcılığı,Pravična diskriminacija,Pravosudna diskriminacija,Discrimination judiciaire,Gerechtigkeitsdiskriminierung,Gerechtegkeet Diskriminatioun,Justiție discriminare,Discriminazione della giustizia,Teisingumo diskriminacija,Diskriminazzjoni tal-ġustizzja,Discriminación judicial,Spravodlivá diskriminácia,Discriminatie door justitie,Rättvisa diskriminering
Checks and balances,Kickbacks,Accessible,Rights,Security,Due process,Justice corruption,Justice corruption,Kontroly a rovnováhy,Seiceálacha agus iarmhéideanna,Provjere i ravnoteže,Kontrolli u bilanċi,Contrôles et contrepoids,Kontroller ve dengeler,Controles en evenwichten,Kontrole i salda,Sąskaitos ir balansai,Проверки и баланси,Kontroller och balanser,Sekit ja saldot,Checks and balances,Schecken an Gläichgewiicht,Čeki un bilances,Pesos e contrapesos,Kontrole in ravnovesja,Επιταγές και ισολογισμοί,Control și echilibru,Pesi e contrappesi,Fékek és ellensúlyok,Controles y contrapesos,Gewaltenteilung,Kontrollid ja tasakaalud,Zpětné provize,Ciceanna,Provizije,Kickbacks,Pots-de-vin,Komisyonlar,Smeergeld,Odrzuty,Atatrankos,Подкупи,Spätné úplatky,Kickbacks,Takaisinpotkut,Tilbageslag,Kickbacks,Atsitiens,Propinas,Provizije,Μίζες,Kickback-uri,Contraccolpi,Visszarúgások,Sobornos,Rückschläge,Tagasilöögid,Přístupný,Inrochtana,Aċċessibbli,Accessible,Erişilebilir,Toegankelijk,Dostępny,Prieinama,Достъпен,Prístupný,Tillgänglig,Saatavilla,Tilgængelig,Zougänglech,Pieejams,Acessível,Dostopen,Προσιτός,Accesibil,Accessibile,Hozzáférhető,Accesible,Juurdepääsetav,Práva,Cearta,Prava,Drittijiet,Droits,Haklar,Rechten,Prawa,Teisės,права,práva,Rättigheter,Oikeudet,Rettigheder,Rechter,Tiesības,Direitos,pravice,Δικαιώματα,Drepturi,Diritti,jogok,Derechos,Rechte,Kontroly a súvahy,Pristupačan,Zugänglich,Õigused,Ασφάλεια,Drošība,Sikkerhed,Slándáil,Biztonság,Bezpečnostní,Sécurité,Varnost,Saugumas,säkerhet,Sigurnost,Sicurezza,Sigurtà,Güvenlik,Сигурност,Beveiliging,Turvalisus,Bezpečnosť,Turvallisuus,Seguridad,Securitate,Sécherheet,Bezpieczeństwo,Sicherheit,Segurança,Οφειλόμενη διαδικασία,Pienācīgs process,Retfærdig rettergang,Próiseas dlite,A tisztességes eljárás,Řádný proces,Procédure régulière,Dolžni postopek,Dėl proceso,vederbörlig process,Zbog procesa,Giusto processo,Proċess dovut,Vade süreci,Справедлив процес,Een eerlijk proces,Nõuetekohane protsess,Spravodlivý proces,Asianmukainen prosessi,Debido al proceso,Datorita procesului,Due Prozess,Należyty proces,Ordnungsgemäßer Prozess,Devido Processo,Διαφθορά στη δικαιοσύνη,Tieslietu korupcija,Retfærdighedskorruption,Ceartas éilliú,Igazságügyi korrupció,Korupce spravedlnosti,Corruption judiciaire,Korupcija v pravosodju,Teisingumo korupcija,Rättvisa korruption,Korupcija u pravosuđu,Corruzione della giustizia,Korruzzjoni tal-ġustizzja,Adalet yolsuzluğu,Корупция в правосъдието,Corruptie bij justitie,Justiitskorruptsioon,Korupcia v justícii,Oikeuden korruptio,Corrupción de la justicia,Corupția justiției,Gerechtegkeet Korruptioun,Korupcja wymiaru sprawiedliwości,Korruption in der Justiz,Corrupção na justiça,Διαφθορά στη δικαιοσύνη,Tieslietu korupcija,Retfærdighedskorruption,Ceartas éilliú,Igazságügyi korrupció,Korupce spravedlnosti,Justiitskorruptsioon,Корупция в правосъдието,Corrupção na justiça,Oikeuden korruptio,Korupcja wymiaru sprawiedliwości,Adalet yolsuzluğu,Korupcija v pravosodju,Korupcija u pravosuđu,Corruption judiciaire,Korruption in der Justiz,Gerechtegkeet Korruptioun,Corupția justiției,Corruzione della giustizia,Teisingumo korupcija,Korruzzjoni tal-ġustizzja,Corrupción de la justicia,Korupcia v justícii,Corruptie bij justitie,Rättvisa korruption
Accountability,Fraud,Accessibility,Inclusive,Crime,Expropriation,Justice delay,Justice delay,Odpovědnost,Cuntasacht,Odgovornost,Responsabbiltà,Responsabilité,Hesap verebilirlik,Verantwoordelijkheid,Odpowiedzialność,Atsakomybė,Отчетност,Ansvarighet,Vastuullisuus,Ansvarlighed,Rechenschaftspflicht,Atbildība,Responsabilidade,Odgovornost,Ευθύνη,Responsabilitate,Responsabilità,Elszámoltathatóság,Responsabilidad,Rechenschaftspflicht,Vastutus,Podvod,Calaois,Prijevara,Frodi,Fraude,Sahtekar,Fraude,Oszustwo,Sukčiavimas,Измама,Podvod,Bedrägeri,Petos,Svig,Bedruch,Krāpšana,Fraude,goljufije,Απάτη,Fraudă,Frode,Csalás,Fraude,Betrug,Pettus,Přístupnost,Inrochtaineacht,Aċċessibilità,Accessibilité,Ulaşılabilirlik,Toegankelijkheid,Dostępność,Prieinamumas,Достъпност,Prístupnosť,Tillgänglighet,Esteettömyys,Tilgængelighed,Accessibilitéit,Pieejamība,Acessibilidade,Dostopnost,Προσιτότητα,Accesibilitate,Accessibilità,Megközelíthetőség,Accesibilidad,Juurdepääsetavus,Včetně,Uilechuimsitheach,Uključivo,Inklussiv,Compris,Dahil,Inclusief,Włącznie,Įskaitytinai,Включително,Vrátane,Inkluderande,Sisältää,Inklusive,Inklusiv,Ieskaitot,Inclusivo,Vključno,Περιεκτικός,Inclusiv,Inclusivo,Beleértve,Inclusivo,Inklusive,Zodpovednosť,Pristupačnost,Barrierefreiheit,Kaasa arvatud,Εγκλημα,Noziegums,Forbrydelse,Coiriúlacht,Bűn,Zločin,Crime,Zločin,Nusikaltimas,Brottslighet,Zločin,Crimine,Kriminalità,Suç,престъпление,Misdaad,Kuritegevus,Kriminalita,Rikollisuus,Delito,Crima,Kriminalitéit,Przestępczość,Verbrechen,Crime,Απαλλοτρίωση,Ekspropriācija,Ekspropriation,Díshealbhú,Kisajátítás,Vyvlastnění,Expropriation,Razlastitev,Nusavinimas,Expropriation,Izvlaštenje,Espropriazione,Esproprjazzjoni,Kamulaştırma,Експроприация,Onteigening,Sundvõõrandamine,Vyvlastnenie,pakkolunastus,Expropiación,Expropriere,Expropriatioun,Wywłaszczenie,Enteignung,Expropriação,Καθυστέρηση δικαιοσύνης,Tiesiskuma kavēšanās,Retfærdighedens forsinkelse,Moill ar cheartas,Az igazságszolgáltatás késedelme,Zpoždění spravedlnosti,Retard de justice,Pravosodno zavlačevanje,Teisingumo delsimas,Rättvisa försening,Odgoda pravde,Ritardo della giustizia,Dewmien tal-ġustizzja,Adalet gecikmesi,Забавяне на правосъдието,Justitie vertraging,Õigluse viivitus,Spravodlivé oneskorenie,Oikeuden viivästyminen,Retraso de la justicia,Întârzierea justiției,Gerechtegkeet Verspéidung,Opóźnienie sprawiedliwości,Verzögerung der Gerechtigkeit,Atraso na justiça,Καθυστέρηση δικαιοσύνης,Tiesiskuma kavēšanās,Retfærdighedens forsinkelse,Moill ar cheartas,Az igazságszolgáltatás késedelme,Zpoždění spravedlnosti,Õigluse viivitus,Забавяне на правосъдието,Atraso na justiça,Oikeuden viivästyminen,Opóźnienie sprawiedliwości,Adalet gecikmesi,Pravosodno zavlačevanje,Odgoda pravde,Retard de justice,Verzögerung der Gerechtigkeit,Gerechtegkeet Verspéidung,Întârzierea justiției,Ritardo della giustizia,Teisingumo delsimas,Dewmien tal-ġustizzja,Retraso de la justicia,Spravodlivé oneskorenie,Justitie vertraging,Rättvisa försening
Abuses,Accountability,Inclusive,Freedom,Civil conflict,Law enforcement,Dispute resolution mechanism,Correctional system,Zneužívání,Mí-úsáidí,Zlostavljanja,Abbużi,Les abus,Suistimaller,Mishandelingen,Nadużycia,Piktnaudžiavimas,Злоупотреби,Missbruk,Väärinkäytökset,Misbrug,Mëssbrauch,Pārkāpumi,Abusos,Zlorabe,Καταχρήσεις,Abuzuri,Abusi,Visszaélések,Abusos,Missbräuche,Kuritarvitused,Odpovědnost,Cuntasacht,Odgovornost,Responsabbiltà,Responsabilité,Hesap verebilirlik,Verantwoordelijkheid,Odpowiedzialność,Atsakomybė,Отчетност,Zodpovednosť,Ansvarighet,Vastuullisuus,Ansvarlighed,Rechenschaftspflicht,Atbildība,Responsabilidade,Odgovornost,Ευθύνη,Responsabilitate,Responsabilità,Elszámoltathatóság,Responsabilidad,Rechenschaftspflicht,Vastutus,Včetně,Uilechuimsitheach,Inklussiv,Compris,Dahil,Inclusief,Włącznie,Įskaitytinai,Включително,Vrátane,Inkluderande,Sisältää,Inklusive,Inklusiv,Ieskaitot,Inclusivo,Vključno,Περιεκτικός,Inclusiv,Inclusivo,Beleértve,Inclusivo,Kaasa arvatud,Svoboda,Saoirse,Sloboda,Libertà,Liberté,Özgürlük,Vrijheid,Wolność,Laisvė,Свободата,Sloboda,Frihet,Vapaus,Frihed,Fräiheet,Brīvība,Liberdade,Svoboda,Ελευθερία,Libertate,Libertà,Szabadság,Libertad,Freiheit,Zneužívanie,Uključivo,Inklusive,Vabadus,Εμφύλια σύγκρουση,Pilsoniskais konflikts,Borgerlig konflikt,Coinbhleacht sibhialta,Polgári konfliktus,Občanský konflikt,Conflit civil,Civilni konflikt,Pilietinis konfliktas,Civil konflikt,Građanski sukob,Conflitto civile,Konflitt ċivili,Sivil çatışma,Граждански конфликт,Burgerlijk conflict,Tsiviilkonflikt,Občiansky konflikt,Kansalaiskonflikti,Conflicto civil,Conflict civil,Biergerkrich Konflikt,Konflikt cywilny,Bürgerkrieg,Conflito civil,Επιβολή του νόμου,Likuma izpilde,Retshåndhævelse,Forfheidhmiú an dlí,Bűnüldözés,Vymáhání práva,Forces de l'ordre,Organi pregona,Teisėsauga,Rättsväsende,Provedba zakona,Applicazione della legge,Infurzar tal-liġi,Kanun yaptırımı,Органите на реда,Politie,Õiguskaitse,Presadzovania práva,Lainvalvonta,Cumplimiento de la ley,Aplicarea legii,Vollzuchs-,Egzekwowanie prawa,Strafverfolgung,Aplicação da lei,Μηχανισμός επίλυσης διαφορών,Strīdu izšķiršanas mehānisms,Tvistbilæggelsesmekanisme,Meicníocht réitigh díospóide,Vitarendezési mechanizmus,Mechanismus řešení sporů,Mécanisme de règlement des différends,Mehanizem reševanja sporov,Ginčų sprendimo mechanizmas,Tvistlösningsmekanism,Mehanizam rješavanja sporova,Meccanismo di risoluzione delle controversie,Mekkaniżmu ta' riżoluzzjoni tat-tilwim,Uyuşmazlık çözüm mekanizması,Механизъм за разрешаване на спорове,Mechanisme voor geschillenbeslechting,Vaidluste lahendamise mehhanism,Mechanizmus riešenia sporov,Riitojen ratkaisumekanismi,Mecanismo de resolución de disputas,Mecanismul de soluționare a litigiilor,Dispute Resolutioun Mechanismus,Mechanizm rozstrzygania sporów,Streitbeilegungsmechanismus,Mecanismo de resolução de disputas,Διορθωτικό σύστημα,Korekcijas sistēma,Kriminalforsorgssystemet,Córas ceartúcháin,Korrekciós rendszer,Nápravný systém,Parandussüsteem,Корекционна система,Sistema correcional,Korjausjärjestelmä,System poprawczy,Düzeltme sistemi,Popravni sistem,Popravni sustav,Système correctionnel,Strafvollzugssystem,Korrektursystem,Sistemul corecțional,Sistema correttivo,Korekcinė sistema,Sistema korrettiva,Sistema correccional,Nápravný systém,Correctiesysteem,Kriminalvårdssystem
Power,Transparency,Communication,Personal freedoms,Personal grievances,Compliance,Law enforcement,Criminal,Napájení,Cumhacht,Vlast,Qawwa,Pouvoir,Güç,Stroom,Moc,Galia,Мощност,Kraft,Tehoa,Strøm,Muecht,Jauda,Poder,Moč,Εξουσία,Putere,Energia,Erő,Fuerza,Leistung,Võimsus,Průhlednost,Trédhearcacht,Transparentnost,Trasparenza,Transparence,Şeffaflık,Transparantie,Przezroczystość,Skaidrumas,Прозрачност,Transparentnosť,Genomskinlighet,Läpinäkyvyys,Gennemsigtighed,Transparenz,Pārredzamība,Transparência,Preglednost,Διαφάνεια,Transparenţă,Trasparenza,Átláthatóság,Transparencia,Transparenz,Läbipaistvus,Sdělení,Cumarsáid,Komunikazzjoni,Communication,İletişim,Communicatie,Komunikacja,Bendravimas,Комуникация,Komunikácia,Kommunikation,Viestintä,Meddelelse,Kommunikatioun,Komunikācija,Comunicação,Komunikacija,Επικοινωνία,Comunicare,Comunicazione,Kommunikáció,Comunicación,Suhtlemine,Osobní svobody,Saoirsí pearsanta,Osobne slobode,Libertajiet personali,Libertés personnelles,Kişisel özgürlükler,Persoonlijke vrijheden,Wolności osobiste,Asmeninės laisvės,Лични свободи,Osobné slobody,Personliga friheter,Henkilökohtaiset vapaudet,Personlige friheder,Perséinlech Fräiheeten,Personiskās brīvības,Liberdades pessoais,Osebne svoboščine,Προσωπικές ελευθερίες,Libertăți personale,Libertà personali,Személyes szabadságjogok,Libertades personales,Persönliche Freiheiten,Moc,Komunikacija,Kommunikation,Isiklikud vabadused,Προσωπικά παράπονα,Personīgās pretenzijas,Personlige klager,Gearáin phearsanta,Személyes sérelmek,Osobní stížnosti,Griefs personnels,Osebne zamere,Asmeninės nuoskaudos,Personliga klagomål,Osobne pritužbe,Lamentele personali,Ilmenti personali,Kişisel şikayetler,Лични оплаквания,Persoonlijke grieven,Isiklikud kaebused,Osobné sťažnosti,Henkilökohtaisia ​​epäkohtia,Quejas personales,Nemulțumirile personale,Perséinlech Trauer,Osobiste żale,Persönliche Beschwerden,Queixas pessoais,Συμμόρφωση,Atbilstība,Overholdelse,Comhlíonadh,Megfelelés,Dodržování,Conformité,Skladnost,Laikymasis,Efterlevnad,Usklađenost,Conformità,Konformità,uyma,Съответствие,Naleving,Vastavus,Súlad,Vaatimustenmukaisuus,Cumplimiento,Conformitate,Konformitéit,Zgodność,Einhaltung,Conformidade,Επιβολή του νόμου,Likuma izpilde,Retshåndhævelse,Forfheidhmiú an dlí,Bűnüldözés,Vymáhání práva,Forces de l'ordre,Organi pregona,Teisėsauga,Rättsväsende,Provedba zakona,Applicazione della legge,Infurzar tal-liġi,Kanun yaptırımı,Органите на реда,Politie,Õiguskaitse,Presadzovania práva,Lainvalvonta,Cumplimiento de la ley,Aplicarea legii,Vollzuchs-,Egzekwowanie prawa,Strafverfolgung,Aplicação da lei,Εγκληματίας,Krimināls,Kriminel,Coiriúil,Bűnügyi,Zločinec,Kriminaalne,криминален,Criminoso,Rikollinen,Kryminalista,Adli,Kriminalka,Kriminalac,Criminel,Kriminell,Kriminell,Penal,Penale,Kriminalinis,Kriminali,Delincuente,Kriminálny,Misdadig,Kriminell
Law,Procedures,Disclosed information,Equality,Safe,Law supervision,Compliance,Due process,Zákon,Dlí,Zakon,Liġi,Loi,Kanun,Wet,Prawo,Teisė,закон,Lag,Laki,Lov,Gesetz,Likums,Lei,Zakon,Νόμος,Lege,Legge,Törvény,Ley,Gesetz,Seadus,Postupy,Nósanna Imeachta,Postupci,Proċeduri,Procédures,Prosedürler,Procedures,Procedury,Procedūros,Процедури,Postupy,Förfaranden,Menettelyt,Procedurer,Prozeduren,Procedūras,Procedimentos,Postopki,Διαδικασίες,Proceduri,Procedure,Eljárások,Trámites,Verfahren,Protseduurid,Zveřejněné informace,Faisnéis nochta,Informazzjoni żvelata,Informations divulguées,Açıklanan bilgiler,Openbaar gemaakte informatie,Ujawnione informacje,Atskleista informacija,Разкрита информация,Zverejnené informácie,Avslöjad information,Julkistettu tieto,Offentliggjort information,Verëffentlecht Informatiounen,Izpausta informācija,Informação divulgada,Razkrite informacije,Αποκαλυπτόμενες πληροφορίες,Informații divulgate,Informazioni divulgate,Közzétett információ,Información divulgada,Avalikustatud teave,Rovnost,Comhionannas,Jednakost,Ugwaljanza,Égalité,Eşitlik,Gelijkwaardigheid,Równość,Lygybė,Равенство,Rovnosť,Jämlikhet,Tasa-arvo,Lighed,Gläichheet,Vienlīdzība,Igualdade,Enakopravnost,Ισότητα,Egalitatea,Uguaglianza,Egyenlőség,Igualdad,Gleichwertigkeit,zákon,Otkriveni podaci,Offengelegte Informationen,Võrdsus,Ασφαλής,Drošs,Sikker,Sábháilte,Biztonságos,Bezpečný,Sûr,Varno,Saugus,Säker,Sef,Sicuro,Salv,Güvenli,безопасно,Veilig,Ohutu,Bezpečný,Turvallinen,Seguro,Sigur,Sécher,Bezpieczna,Sicher,Seguro,Νομική εποπτεία,Juridiskā uzraudzība,Lovtilsyn,Maoirseacht dlí,Jogi felügyelet,Právní dozor,Surveillance de la loi,Zakonski nadzor,Teisės priežiūra,Lagtillsyn,Zakonski nadzor,Supervisione della legge,Superviżjoni tal-liġi,Kanun denetimi,Правен надзор,Juridisch toezicht,Juriidiline järelevalve,Zákonný dozor,Lakivalvonta,Supervisión de la ley,Supravegherea legii,Gesetz Iwwerwaachung,Nadzór prawny,Rechtsaufsicht,Supervisão legal,Συμμόρφωση,Atbilstība,Overholdelse,Comhlíonadh,Megfelelés,Dodržování,Conformité,Skladnost,Laikymasis,Efterlevnad,Usklađenost,Conformità,Konformità,uyma,Съответствие,Naleving,Vastavus,Súlad,Vaatimustenmukaisuus,Cumplimiento,Conformitate,Konformitéit,Zgodność,Einhaltung,Conformidade,Οφειλόμενη διαδικασία,Pienācīgs process,Retfærdig rettergang,Próiseas dlite,A tisztességes eljárás,Řádný proces,Nõuetekohane protsess,Справедлив процес,Devido Processo,Asianmukainen prosessi,Należyty proces,Vade süreci,Dolžni postopek,Zbog procesa,Procédure régulière,Ordnungsgemäßer Prozess,Due Prozess,Datorita procesului,Giusto processo,Dėl proceso,Proċess dovut,Debido al proceso,Spravodlivý proces,Een eerlijk proces,vederbörlig process
Constitution,Embezzlement,Right to information,Fair Trial,Homicides,Property rights,Law supervision,Accused,Ústava,Bunreacht,Ustav,Kostituzzjoni,Constitution,Anayasa,Grondwet,Konstytucja,Konstitucija,конституция,Konstitution,perustuslaki,Forfatning,Verfassung,Konstitūcija,Constituição,Ustava,Σύνταγμα,Constituţie,Costituzione,Alkotmány,Constitución,Verfassung,Põhiseadus,Zpronevěra,Chlubaireacht,Pronevjera,Tqassim,Détournement de fonds,Zimmete para geçirme,Verduistering,Sprzeniewierzenie,Pasisavinimas,Присвояване,sprenevera,Förskingring,Kavallus,Underslæb,Verontreiung,Piesavināšanās,Desfalque,Poneverba,Υπεξαίρεση,Delapidare,Appropriazione indebita,Sikkasztás,Malversación,Unterschlagung,Omastamine,Právo na informace,Ceart chun faisnéise,Dritt għall-informazzjoni,Droit à l'information,Bilgi edinme hakkı,Recht op informatie,W prawo do informacji,Teisė į informaciją,Право на информация,Právo na informácie,Rätt till information,Oikeus saada tietoa,Ret til information,Recht op Informatioun,Tiesības uz informāciju,Direito à informação,Pravica do informacij,Δικαίωμα στην ενημέρωση,Dreptul la informare,Diritto all'informazione,Információhoz való jog,Derecho de información,Õigus teabele,Spravedlivý soud,Triail Chóir,Posteno suđenje,Proċess Ġust,Procès équitable,Adil yargılanma,Eerlijk proces,Sprawiedliwy proces,Sąžiningas teismas,Честен процес,Spravodlivý proces,Rättvis rättegång,Reilu oikeudenkäynti,Retfærdig retssag,Fair Prozess,Godīga tiesa,Julgamento justo,Pošteno sojenje,Δίκαιη δίκη,Proces echitabil,Processo giusto,Fair Trial,Juicio justo,Fairer Prozess,ústava,Pravo na informaciju,Recht auf Information,Õiglane kohus,Ανθρωποκτονίες,Slepkavības,Drab,dúnmharuithe,Emberölések,Vraždy,Homicides,Umori,Žmogžudystės,Mord,Umorstva,Omicidi,Omiċidji,Cinayetler,Убийства,Moorden,Mõrvad,Vrážd,Murhat,Homicidios,Omucideri,Morden,Zabójstwa,Morde,Homicídios,Δικαιώματα ιδιοκτησίας,Īpašuma tiesības,Ejendomsrettigheder,Cearta maoine,Tulajdonjogok,Vlastnická práva,Droits de propriété,Premoženjske pravice,Nuosavybės teisės,Äganderätter,Prava vlasništva,Diritti di proprietà,Drittijiet ta' proprjetà,Mülkiyet hakları,Права на собственост,Eigendomsrechten,Omandiõigused,Vlastnícke práva,Omistus oikeudet,Derechos de propiedad,Drepturi de proprietate,Eegentumsrechter,Prawa własności,Eigentumsrechte,Direitos de propriedade,Νομική εποπτεία,Juridiskā uzraudzība,Lovtilsyn,Maoirseacht dlí,Jogi felügyelet,Právní dozor,Surveillance de la loi,Zakonski nadzor,Teisės priežiūra,Lagtillsyn,Zakonski nadzor,Supervisione della legge,Superviżjoni tal-liġi,Kanun denetimi,Правен надзор,Juridisch toezicht,Juriidiline järelevalve,Zákonný dozor,Lakivalvonta,Supervisión de la ley,Supravegherea legii,Gesetz Iwwerwaachung,Nadzór prawny,Rechtsaufsicht,Supervisão legal,Κατηγορούμενος,Apsūdzēts,Anklagede,cúisithe,Vádlott,Obžalovaný,Süüdistatav,Обвиняем,Acusado,Syytetty,Oskarżony,Sanık,Obtožen,Optuženik,Accusé,Beschuldigt,Beschëllegt,Acuzat,Accusato,Apkaltintas,Akkużat,Acusado,Obvinený,Beschuldigd,Den anklagade
Oversight,Misappropriation,Civic participation,Due process,Gender violence,Regulatory framework,Legal representation,Crime,Přehlédnutí,Maoirseacht,Nadzor,Superviżjoni,Surveillance,Gözetim,Toezicht,Przeoczenie,Priežiūra,Надзор,Tillsyn,Valvonta,Tilsyn,Iwwerwaachung,Uzraudzība,Supervisão,Nadzor,Επίβλεψη,Supraveghere,Supervisione,Felügyelet,Vigilancia,Aufsicht,Järelevalve,Zpronevěra,Mídhílsiú,Pronevjera,Misapproprjazzjoni,Détournement,Suiistimal,Verduistering,Przywłaszczenie,Pasisavinimas,Присвояване,sprenevery,Förskingring,Väärinkäyttö,Misbrug,Mëssbrauch,Piesavināšanās,Apropriação indébita,Poneverba,Υπεξαίρεση,Deturnare,Appropriazione indebita,Hűtlen kezelés,Malversación,Veruntreuung,Omastamine,Občanská účast,Rannpháirtíocht shibhialta,Parteċipazzjoni ċivika,Participation civique,Kamuoyu katılımıyla,Burgerparticipatie,Udział obywatelski,Pilietinis dalyvavimas,Гражданско участие,Občianska účasť,Medborgerligt deltagande,Kansalais osallistuminen,Borgerlig deltagelse,Biergerbedeelegung,Pilsoniskā līdzdalība,Participação cívica,Državljanska udeležba,Συμμετοχή των πολιτών,Participarea civică,Partecipazione civica,Polgári részvétel,Participación cívica,Kodanikuosalus,Řádný proces,Próiseas dlite,Zbog procesa,Proċess dovut,Procédure régulière,Vade süreci,Een eerlijk proces,Należyty proces,Dėl proceso,Справедлив процес,Spravodlivý proces,vederbörlig process,Asianmukainen prosessi,Retfærdig rettergang,Due Prozess,Pienācīgs process,Devido Processo,Dolžni postopek,Οφειλόμενη διαδικασία,Datorita procesului,Giusto processo,A tisztességes eljárás,Debido al proceso,Ordnungsgemäßer Prozess,Prehliadnutie,Građansko sudjelovanje,Bürgerbeteiligung,Nõuetekohane protsess,Η έμφυλη βία,Dzimuma vardarbība,Kønsvold,Foréigean inscne,Nemi erőszak,Genderové násilí,Violence de genre,Nasilje zaradi spola,Smurtas dėl lyties,Könsvåld,Rodno nasilje,Violenza di genere,Vjolenza tal-ġeneru,Cinsiyet şiddeti,Полово насилие,Geslachtsgeweld,Sooline vägivald,Rodové násilie,Sukupuoleen perustuva väkivalta,Violencia de género,Violența de gen,Geschlecht Gewalt,Przemoc ze względu na płeć,Geschlechtsspezifische Gewalt,Violência de gênero,Ρυθμιστικό πλαίσιο,Normatīvais regulējums,Lovmæssige rammer,Creat rialála,Szabályozási keret,Regulační rámec,Cadre réglementaire,Regulativni okvir,Reguliavimo sistema,Regelverk,Regulatorni okvir,Quadro normativo,Qafas regolatorju,Düzenleyici yapı,Нормативна рамка,Regelgevingskader,Regulatiivne raamistik,Regulačný rámec,Sääntelykehys,Marco normativo,Cadrul de reglementare,Regulatiouns Kader,Ramy prawne,Gesetzlicher Rahmen,Quadro regulamentar,Νομική εκπροσώπηση,Juridiskā pārstāvība,Juridisk repræsentation,Ionadaíocht dhlíthiúil,Jogi képviselet,Právní zastoupení,Représentation légale,Pravno zastopanje,Teisinis atstovavimas,Laglig representation,Pravno zastupanje,Rappresentanza legale,Rappreżentazzjoni legali,Yasal temsil,Законно представителство,Wettelijke vertegenwoordiging,Juriidiline esindus,Právne zastúpenie,Oikeudellinen edustus,Representación legal,Reprezentare legală,Juristesch Representatioun,Reprezentacja prawna,Gesetzliche Vertretung,Representação legal,Εγκλημα,Noziegums,Forbrydelse,Coiriúlacht,Bűn,Zločin,Kuritegevus,престъпление,Crime,Rikollisuus,Przestępczość,Suç,Zločin,Zločin,Crime,Verbrechen,Kriminalitéit,Crima,Crimine,Nusikaltimas,Kriminalità,Delito,Kriminalita,Misdaad,Brottslighet
Restraint,Misconduct,Civic engagement,Discrimination,Race violence,Inspections,Legal assistance,Victims,Omezení,Srian,Suzdržanost,Trażżin,Retenue,Kısıtlama,Beheersing,Powściągliwość,Santūrumas,Сдържаност,Återhållsamhet,Rajoitus,Tilbageholdenhed,Restraint,Savaldība,Restrição,Zadrževanje,Συγκράτηση,Reţinere,Contenimento,Korlátozás,Restricción,Zurückhaltung,Piiramine,Špatné chování,Mí-iompar,Loše ponašanje,Mġiba ħażina,Inconduite,suiistimal,Wangedrag,Złe prowadzenie się,Netinkamas elgesys,Лошо поведение,Nesprávne správanie,Oredlighet,Rikkomus,Dårlig opførsel,Mëssbrauch,Pārkāpums,Má conduta,Nepravilno ravnanje,Κακή συμπεριφορά,Conduita greșită,Cattiva condotta,Helytelen magatartás,Mala conducta,Fehlverhalten,Väärkäitumine,Občanská angažovanost,Cearrbhachas sibhialta,Impenn ċiviku,L'engagement civique,Sivil katılım,Maatschappelijk engagement,Zaangażowanie obywatelskie,Pilietinis įsitraukimas,Гражданска ангажираност,Občianska angažovanosť,Samhällsengagemang,Kansalaistoiminta,Civilt engagement,Biergerkrich Engagement,Pilsoniskā iesaistīšanās,Engajamento cívico,Državljanska angažiranost,Εμπλοκή πολιτών,Angajament civic,Impegno civico,Polgári szerepvállalás,Compromiso civil,Kodanikutegevus,Diskriminace,Idirdhealú,Diskriminacija,Diskriminazzjoni,Discrimination,Ayrımcılık,Discriminatie,Dyskryminacja,Diskriminacija,Дискриминация,Diskriminácia,Diskriminering,Syrjintä,Forskelsbehandling,Diskriminatioun,Diskriminācija,Discriminação,Diskriminacija,Διάκριση,Discriminare,Discriminazione,Megkülönböztetés,Discriminación,Diskriminierung,Zdržanlivosť,Građanski angažman,Gesellschaftliches Engagement,Diskrimineerimine,Η φυλετική βία,Rasu vardarbība,Racevold,Foréigean cine,Faji erőszak,Rasové násilí,Violence raciale,Rasno nasilje,Rasinis smurtas,Ras våld,Rasno nasilje,Violenza razziale,Vjolenza razza,Irk şiddeti,Расово насилие,Rassengeweld,Rassivägivald,Rasové násilie,Rotuväkivalta,Violencia racial,Violența rasială,Race Gewalt,Przemoc rasowa,Rassengewalt,Violência racial,Επιθεωρήσεις,Pārbaudes,Inspektioner,Cigireachtaí,Ellenőrzések,Inspekce,Inspections,Inšpekcije,Patikrinimai,Inspektioner,Inspekcije,Ispezioni,Spezzjonijiet,Denetimler,Инспекции,Inspecties,Ülevaatused,Inšpekcie,Tarkastukset,Inspecciones,Inspecții,Inspektiounen,Inspekcje,Inspektionen,Inspeções,ΝΟΜΙΚΗ ΥΠΟΣΤΗΡΙΞΗ,Juridiskā palīdzība,Juridisk bistand,Cúnamh dlíthiúil,Jogi segítség,Právní pomoc,Assistance légale,Pravna pomoč,Teisinė pagalba,Laglig assistans,Pravna pomoć,Assistenza legale,Assistenza legali,Yasal yardım,Правна помощ,Juridische hulp,Õigusabi,Právna pomoc,Oikeusapu,Asistencia legal,Asistenta legala,Juristesch Hëllef,Pomoc prawna,Rechtsberatung,Assistência legal,Θύματα,Upuri,Ofre,Íospartaigh,Áldozatok,oběti,Ohvrid,Жертви,Vítimas,Uhrit,Ofiary,Kurbanlar,Žrtve,Žrtve,Victimes,Die Opfer,Affer,Victime,Vittime,Aukos,Vittmi,Víctimas,obete,Slachtoffers,Offer
Monitoring,Honesty,Complaint mechanisms,Xenophobia,Religious violence,Audits,Property rights,Alternative justice,Sledování,Monatóireacht,Praćenje,Monitoraġġ,Surveillance,İzleme,Toezicht houden,Monitorowanie,Stebėjimas,Мониторинг,Övervakning,Valvonta,Overvågning,Iwwerwachung,Uzraudzība,Monitoramento,Spremljanje,Παρακολούθηση,Monitorizarea,Monitoraggio,Monitoring,Supervisión,Überwachung,Järelevalve,Poctivost,Macántacht,Poštenje,Onestà,Honnêteté,Dürüstlük,Eerlijkheid,Uczciwość,Sąžiningumas,Честност,Čestnosť,Ärlighet,Rehellisyys,Ærlighed,Éierlechkeet,Godīgums,Honestidade,Poštenost,Τιμιότητα,Onestitate,Onestà,Őszinteség,Honestidad,Ehrlichkeit,Ausus,Reklamační mechanismy,Meicníochtaí gearáin,Mekkaniżmi ta' ilmenti,Mécanismes de plainte,Şikayet mekanizmaları,Klachtenmechanismen,Mechanizmy reklamacyjne,Skundų pateikimo mechanizmai,Механизми за оплакване,Mechanizmy sťažností,Klagomålsmekanismer,Valitusmekanismit,Klagemekanismer,Plainte Mechanismen,Sūdzību mehānismi,Mecanismos de reclamação,Pritožbeni mehanizmi,Μηχανισμοί καταγγελίας,Mecanisme de reclamație,Meccanismi di reclamo,Panasztételi mechanizmusok,Mecanismos de denuncia,Kaebuse esitamise mehhanismid,Xenofobie,Seineafóibe,Ksenofobija,Ksenofobija,Xénophobie,Yabancı düşmanlığı,Vreemdelingenhaat,Ksenofobia,Ksenofobija,Ксенофобия,xenofóbia,Främlingshat,Muukalaisviha,Fremmedhad,Xenophobie,Ksenofobija,Xenofobia,ksenofobija,Ξενοφοβία,Xenofobie,Xenofobia,Idegengyűlölet,Xenofobia,Fremdenfeindlichkeit,Monitorovanie,Mehanizmi prigovora,Beschwerdemechanismen,Ksenofoobia,Θρησκευτική βία,Reliģiskā vardarbība,Religiøs vold,Foréigean reiligiúnach,Vallási erőszak,Náboženské násilí,Violence religieuse,Versko nasilje,Religinis smurtas,Religiöst våld,Vjersko nasilje,Violenza religiosa,Vjolenza reliġjuża,Dini şiddet,Религиозно насилие,Religieus geweld,Religioosne vägivald,Náboženské násilie,Uskonnollinen väkivalta,Violencia religiosa,Violența religioasă,Reliéis Gewalt,Przemoc religijna,Religiöse Gewalt,Violência religiosa,Έλεγχοι,Revīzijas,Revisioner,Iniúchtaí,Ellenőrzések,Audity,Vérifications,Revizije,Auditai,Revisioner,revizije,Audit,Verifiki,Denetimler,Одити,Audits,Auditid,audity,Tarkastukset,Auditorías,Audituri,Auditen,Audyty,Audits,Auditorias,Δικαιώματα ιδιοκτησίας,Īpašuma tiesības,Ejendomsrettigheder,Cearta maoine,Tulajdonjogok,Vlastnická práva,Droits de propriété,Premoženjske pravice,Nuosavybės teisės,Äganderätter,Prava vlasništva,Diritti di proprietà,Drittijiet ta' proprjetà,Mülkiyet hakları,Права на собственост,Eigendomsrechten,Omandiõigused,Vlastnícke práva,Omistus oikeudet,Derechos de propiedad,Drepturi de proprietate,Eegentumsrechter,Prawa własności,Eigentumsrechte,Direitos de propriedade,Εναλλακτική δικαιοσύνη,Alternatīvais taisnīgums,Alternativ retfærdighed,Ceartas malartach,Alternatív igazságszolgáltatás,Alternativní spravedlnost,Alternatiivne õiglus,Алтернативно правосъдие,Justiça alternativa,Vaihtoehtoinen oikeudenmukaisuus,Alternatywna sprawiedliwość,Alternatif adalet,Alternativno pravosodje,Alternativna pravda,Justice alternative,Alternative Gerechtigkeit,Alternativ Gerechtegkeet,Justiție alternativă,Giustizia alternativa,Alternatyvus teisingumas,Ġustizzja alternattiva,Justicia alternativa,Alternatívna spravodlivosť,Alternatieve gerechtigheid,Alternativ rättvisa
Supervision,Integrity,Open Government,Religious,Stability,Corruption,Impartial justice,Criminal prosecution,Dozor,Maoirseacht,Nadzor,Superviżjoni,Surveillance,Nezaret,Overzicht,Nadzór,Priežiūra,Надзор,Övervakning,Valvonta,Overvågning,Iwwerwaachung,Uzraudzība,Supervisão,Nadzor,Εποπτεία,Supraveghere,Supervisione,Felügyelet,Supervisión,Aufsicht,Järelevalve,Integrita,Ionracas,Integritet,Integrità,Intégrité,Bütünlük,Integriteit,Uczciwość,Sąžiningumas,Интегритет,bezúhonnosť,Integritet,Rehellisyys,Integritet,Integritéit,Integritāte,Integridade,Integriteta,Ακεραιότητα,Integritate,Integrità,Sértetlenség,Integridad,Integrität,Terviklikkus,Otevřená vláda,Rialtas Oscailte,Gvern Miftuħ,Gouvernement ouvert,Açık Hükümet,Open overheid,Otwarty rząd,Atvira valdžia,Отворено управление,Otvorená vláda,Öppen regering,Avoin hallitus,Åben regering,Open Regierung,Atvērtā valdība,Governo Aberto,Odprta vlada,Ανοιχτή Διακυβέρνηση,Guvernul Deschis,Governo aperto,Nyitott kormány,Gobierno abierto,Avatud valitsus,Náboženský,Reiligiúnach,Religiozna,Reliġjużi,Religieux,Din,Religieus,Religijny,Religinis,Религиозен,Náboženský,Religiös,Uskonnollinen,Religiøs,reliéis,Reliģiskā,Religioso,Verski,Θρησκευτικός,Religios,Religioso,Vallási,Religioso,Religiös,Dohľad,Otvorena Vlada,Offene Regierung,Religioosne,Σταθερότητα,Stabilitāte,Stabilitet,Cobhsaíocht,Stabilitás,Stabilita,La stabilité,Stabilnost,Stabilumas,Stabilitet,Stabilnost,Stabilità,Stabbiltà,istikrar,Стабилност,Stabiliteit,Stabiilsus,Stabilita,Vakaus,Estabilidad,Stabilitate,Stabilitéit,Stabilność,Stabilität,Estabilidade,Διαφθορά,Korupcija,Korruption,Éilliú,Korrupció,Korupce,la corruption,Korupcija,Korupcija,Korruption,Korupcija,Corruzione,Korruzzjoni,Yolsuzluk,Корупцията,Corruptie,Korruptsioon,korupcia,Korruptio,Corrupción,Corupţie,Korruptioun,Korupcja,Korruption,Corrupção,Αμερόληπτη δικαιοσύνη,Objektīvs taisnīgums,Uvildig retfærdighed,Ceartas neamhchlaonta,Pártatlan igazságszolgáltatás,Nestranná spravedlnost,Une justice impartiale,Nepristransko pravosodje,Nešališkas teisingumas,Opartisk rättvisa,Nepristrano pravosuđe,Giustizia imparziale,Ġustizzja imparzjali,Tarafsız adalet,Безпристрастно правосъдие,Onpartijdige gerechtigheid,Erapooletu õiglus,Nestranná spravodlivosť,Puolueeton oikeudenmukaisuus,Justicia imparcial,Justiție imparțială,Onparteiesch Gerechtegkeet,Bezstronna sprawiedliwość,Unparteiische Gerechtigkeit,Justiça imparcial,Ποινική δίωξη,Kriminālvajāšana,Straffeforfølgelse,Ionchúiseamh coiriúil,Bűnügyi vádemelés,Trestní stíhání,Kriminaalsüüdistus,Наказателно преследване,Processo criminal,Rikossyyte,Postępowanie karne,Cezai kovuşturma,Kazenski pregon,Kazneni progon,Poursuites pénales,Strafverfolgung,Criminal Procureur,Urmărire penală,Procedimento penale,Baudžiamasis persekiojimas,Prosekuzzjoni kriminali,Enjuiciamento criminal,Trestné stíhanie,Strafrechtelijke vervolging,Åtal
Regulation,Justice,Open institution,Assembly,Secure,Commercial regulations,Legal problems,Presumption of innocence,Nařízení,Rialachán,Regulacija,Regolament,Régulation,Düzenleme,Regulatie,Rozporządzenie,reglamentas,Регламент,förordning,Säätö,Regulering,Regulatioun,regula,Regulamento,Uredba,Κανονισμός λειτουργίας,Regulament,Regolamento,Szabályozás,Regulación,Verordnung,määrus,Spravedlnost,Ceartas,Pravda,Ġustizzja,Justice,Adalet,Gerechtigheid,Sprawiedliwość,Teisingumas,справедливост,Spravodlivosť,Rättvisa,Oikeudenmukaisuus,Retfærdighed,Gerechtegkeet,Taisnīgums,Justiça,pravičnost,δικαιοσύνη,Justiţie,giustizia,Igazságszolgáltatás,Justicia,Gerechtigkeit,Õiglus,Otevřená instituce,Institiúid oscailte,Istituzzjoni miftuħa,Établissement ouvert,Açık kurum,Open instelling,Instytucja otwarta,Atvira įstaiga,Отворена институция,Otvorená inštitúcia,Öppen institution,Avoin laitos,Åben institution,Open Institutioun,Atvērtā iestāde,Instituição aberta,Odprta ustanova,Ανοιχτό ίδρυμα,Instituție deschisă,Istituzione aperta,Nyitott intézmény,Institución abierta,Avatud asutus,Shromáždění,Tionól,Skupština,Assemblea,Assemblée,Toplantı,Montage,Montaż,Surinkimas,Сглобяване,zhromaždenie,hopsättning,Kokoonpano,montage,Assemblée,Montāža,Conjunto,Montaža,Συνέλευση,Asamblare,Assemblea,Szerelés,Asamblea,Montage,nariadenia,Otvorena ustanova,Offene Institution,Kokkupanek,Ασφαλής,Droši,Sikker,Slán,Biztonságos,Zajistit,Sécurisé,Varno,Saugus,Säkra,Siguran,Sicuro,Sikura,Güvenli,Сигурно,Zeker,Turvaline,Zabezpečiť,Turvallinen,Seguro,Sigur,Séchert,Bezpieczne,Sicher,Seguro,Εμπορικοί κανονισμοί,Komerclikumi,Kommercielle regler,Rialacháin tráchtála,Kereskedelmi előírások,Obchodní předpisy,Réglementation commerciale,Komercialni predpisi,Komerciniai reglamentai,Kommersiella bestämmelser,Trgovački propisi,Norme commerciali,Regolamenti kummerċjali,Ticari düzenlemeler,Търговски разпоредби,Commerciële regelgeving,Kaubandusmäärused,Obchodné predpisy,Kaupalliset määräykset,Regulaciones comerciales,Reglementări comerciale,Kommerziell Reglementer,Przepisy handlowe,Gewerberechtliche Vorschriften,Regulamentações comerciais,Νομικά προβλήματα,Juridiskas problēmas,Juridiske problemer,Fadhbanna dlí,Jogi problémák,Právní problémy,Problèmes légaux,Pravne težave,Teisinės problemos,Rättsliga problem,Pravni problemi,Problemi legali,Problemi legali,Yasal sorunlar,Правни проблеми,Legale problemen,Juriidilised probleemid,Právne problémy,Oikeudelliset ongelmat,Problemas legales,Probleme juridice,Juristesch Problemer,Problemy prawne,Legale Probleme,Problemas legais,Τεκμήριο αθωότητας,Nevainīguma prezumpcija,Formodning om uskyld,Toimhde na neamhchiontachta,Az ártatlanság vélelme,Presumpce neviny,Süütuse presumptsioon,Презумпция за невинност,Presunção de inocência,Olettamus viattomuudesta,Domniemanie niewinności,Masumiyet karinesi,Domneva nedolžnosti,Pretpostavka nevinosti,Présomption d'innocence,Unschuldsvermutung,Viraussetzung vun Onschold,Prezumtia de nevinovatie,Presunzione di innocenza,Nekaltumo prezumpcija,Preżunzjoni ta' innoċenza,Presunción de inocencia,Prezumpcia neviny,Vermoeden van onschuld,Oskuldspresumtion
Attention,Fairness,Regulation,Labor rights ,Safety perception,Labor regulations,Justice hardships,Trial,Pozornost,Aird,Pažnja,Attenzjoni,Attention,Dikkat,Aandacht,Uwaga,Dėmesio,внимание,Uppmärksamhet,Huomio,Opmærksomhed,Opgepasst,Uzmanību,Atenção,Pozor,Προσοχή,Atenţie,Attenzione,Figyelem,Atención,Aufmerksamkeit,Tähelepanu,Spravedlnost,Cothroime,Poštenje,Ekwità,Justice,Adalet,Eerlijkheid,Uczciwość,Sąžiningumas,Справедливост,Spravodlivosť,Rättvisa,Oikeudenmukaisuus,Retfærdighed,Fairness,Taisnīgums,Justiça,Pravičnost,Δικαιοσύνη,Corectitudine,Equità,Méltányosság,Justicia,Gerechtigkeit,Õiglus,Nařízení,Rialachán,Regolament,Régulation,Düzenleme,Regulatie,Rozporządzenie,reglamentas,Регламент,nariadenia,förordning,Säätö,Regulering,Regulatioun,regula,Regulamento,Uredba,Κανονισμός λειτουργίας,Regulament,Regolamento,Szabályozás,Regulación,määrus,Pracovní práva,Cearta saothair,Prava iz rada,Drittijiet tax-xogħol,Droits du travail,Işçi hakları,Arbeidsrechten,Prawa pracownicze,Darbo teisės,Трудови права,Pracovné práva,Arbetsrätt,Työn oikeudet,Arbejdsrettigheder,Aarbechtsrechter,Darba tiesības,Direitos trabalhistas,Delavske pravice,Εργατικά δικαιώματα,Drepturile muncii,Diritti del lavoro,Munkajogok,Derechos laborales,Arbeitsrechte,Pozornosť,Regulacija,Verordnung,Tööõigused,Αντίληψη ασφάλειας,Drošības uztvere,Sikkerhedsopfattelse,Dearcadh sábháilteachta,Biztonsági érzékelés,Vnímání bezpečí,Perception de la sécurité,Zaznavanje varnosti,Saugumo suvokimas,Säkerhetsuppfattning,Percepcija sigurnosti,Percezione della sicurezza,Perċezzjoni tas-sigurtà,Güvenlik algısı,Възприятие за безопасност,Veiligheidsperceptie,Turvalisuse tajumine,Vnímanie bezpečia,Turvallisuuden käsitys,Percepción de seguridad,Percepția siguranței,Sécherheet Perceptioun,Postrzeganie bezpieczeństwa,Sicherheitswahrnehmung,Percepção de segurança,Κανονισμοί εργασίας,Darba noteikumi,Arbejdsbestemmelser,Rialacháin saothair,Munkaügyi szabályok,Pracovní řád,Règlement du travail,Delovni predpisi,Darbo reglamentai,Arbetsföreskrifter,Propisi o radu,Normativa sul lavoro,Regolamenti tax-xogħol,Çalışma düzenlemeleri,Правила на труда,Arbeidsreglement,Tööeeskirjad,Pracovný poriadok,Työsäännöt,Regulaciones laborales,Reglementari de munca,Aarbechtsreglementer,Regulamin pracy,Arbeitsvorschriften,Regulamentações trabalhistas,Δυσκολίες δικαιοσύνης,Tieslietu grūtības,Retfærdighedsbesvær,Cruatain ceartais,Igazságügyi nehézségek,Justiční útrapy,Difficultés judiciaires,Pravosodne stiske,Teisingumo sunkumai,Rättvisa svårigheter,Pravosudne muke,Difficoltà della giustizia,Tbatijiet tal-ġustizzja,Adalet zorlukları,Трудности на правосъдието,Justitie ontberingen,Õigluse raskused,Spravodlivé ťažkosti,Oikeuden vaikeudet,dificultades de justicia,Greutățile justiției,Gerechtegkeet Schwieregkeeten,Trudności sprawiedliwości,Gerechtigkeitsschwierigkeiten,Dificuldades de justiça,Δίκη,Tiesas process,Forsøg,Triail,Próba,Soud,Kohtuprotsess,Пробен период,Julgamento,Oikeudenkäynti,Test,Duruşma,Sojenje,suđenje,Procès,Versuch,Prozess,Proces,Prova,Teismo procesas,Prova,Ensayo,Skúška,Proces,Rättegång
-,Openness,Openness,Property rights,Kidnapping,Dispute resolution,-,Legal problems,,,,,,,,,,,,,,,,,,,,,,,,,Otevřenost,Oscailteacht,Otvorenost,Ftuħ,Ouverture,Açıklık,Openheid,Otwartość,Atvirumas,Откритост,Otvorenosť,Öppenhet,Avoimuus,Åbenhed,Oppenheet,Atklātība,Abertura,Odprtost,Ειλικρίνεια,Deschidere,Apertura,Nyitottság,Franqueza,Offenheit,Avatus,Otevřenost,Oscailteacht,Ftuħ,Ouverture,Açıklık,Openheid,Otwartość,Atvirumas,Откритост,Otvorenosť,Öppenhet,Avoimuus,Åbenhed,Oppenheet,Atklātība,Abertura,Odprtost,Ειλικρίνεια,Deschidere,Apertura,Nyitottság,Franqueza,Avatus,Vlastnická práva,Cearta maoine,Prava vlasništva,Drittijiet ta' proprjetà,Droits de propriété,Mülkiyet hakları,Eigendomsrechten,Prawa własności,Nuosavybės teisės,Права на собственост,Vlastnícke práva,Äganderätter,Omistus oikeudet,Ejendomsrettigheder,Eegentumsrechter,Īpašuma tiesības,Direitos de propriedade,Premoženjske pravice,Δικαιώματα ιδιοκτησίας,Drepturi de proprietate,Diritti di proprietà,Tulajdonjogok,Derechos de propiedad,Eigentumsrechte,,Otvorenost,Offenheit,Omandiõigused,Απαγωγή,Nolaupīšana,Kidnapning,fuadach,Emberrablás,Únos,Enlèvement,Ugrabitev,Pagrobimas,Kidnappning,Otmica,Rapimento,Ħtif,Kaçırma,Отвличане,Ontvoering,Röövimine,Únos,Kidnappaus,Secuestro,Răpire,Kidnapping,Porwanie,Entführung,Sequestro,Επίλυση διαφοράς,Strīdu risināšana,Konfliktløsning,Réiteach díospóide,Vitarendezés,Řešení sporů,Résolution des litiges,Reševanje sporov,Ginčų sprendimas,Tvistlösning,Rješavanje sporova,Soluzione della disputa,Riżoluzzjoni ta' tilwim,Tartışmalı karar,Решаване на спорове,Geschillenbeslechting,Vaidluste lahendamine,Riešenie sporov,Riidanratkaisu,Resolución de conflictos,Soluționare a litigiilor,Sträitléisung,Rozwiązywanie sporów,Streitbeilegung,Resolução de disputas,,,,,,,,,,,,,,,,,,,,,,,,,,Νομικά προβλήματα,Juridiskas problēmas,Juridiske problemer,Fadhbanna dlí,Jogi problémák,Právní problémy,Juriidilised probleemid,Правни проблеми,Problemas legais,Oikeudelliset ongelmat,Problemy prawne,Yasal sorunlar,Pravne težave,Pravni problemi,Problèmes légaux,Legale Probleme,Juristesch Problemer,Probleme juridice,Problemi legali,Teisinės problemos,Problemi legali,Problemas legales,Právne problémy,Legale problemen,Rättsliga problem
-,Oversight,Oversight,Slavery,Burglary,-,-,Justice hardships,,,,,,,,,,,,,,,,,,,,,,,,,Přehlédnutí,Maoirseacht,Nadzor,Superviżjoni,Surveillance,Gözetim,Toezicht,Przeoczenie,Priežiūra,Надзор,Prehliadnutie,Tillsyn,Valvonta,Tilsyn,Iwwerwaachung,Uzraudzība,Supervisão,Nadzor,Επίβλεψη,Supraveghere,Supervisione,Felügyelet,Vigilancia,Aufsicht,Järelevalve,Přehlédnutí,Maoirseacht,Superviżjoni,Surveillance,Gözetim,Toezicht,Przeoczenie,Priežiūra,Надзор,Prehliadnutie,Tillsyn,Valvonta,Tilsyn,Iwwerwaachung,Uzraudzība,Supervisão,Nadzor,Επίβλεψη,Supraveghere,Supervisione,Felügyelet,Vigilancia,Järelevalve,Otroctví,Sclábhaíocht,Ropstvo,Skjavitù,Esclavage,Kölelik,Slavernij,Niewolnictwo,Vergovė,Робство,Otroctvo,Slaveri,Orjuus,Slaveri,Sklaverei,Verdzība,Escravidão,Suženjstvo,Σκλαβιά,Robie,Schiavitù,Rabszolgaság,Esclavitud,Sklaverei,,Nadzor,Aufsicht,Orjus,Διάρρηξη,Laupīšana,Indbrudstyveri,buirgléireacht,Betörés,Vloupání,Cambriolage,Vlom,Įsilaužimas,Inbrott,Provala,Furto,Serq,Hırsızlık,Влизане с взлом,Inbraak,Sissemurdmine,Vlámanie,Murtovarkaus,Robo,Efractie,Abroch,Włamanie,Einbruch,Roubo,,,,,,,,,,,,,,,,,,,,,,,,,,,,,,,,,,,,,,,,,,,,,,,,,,,Δυσκολίες δικαιοσύνης,Tieslietu grūtības,Retfærdighedsbesvær,Cruatain ceartais,Igazságügyi nehézségek,Justiční útrapy,Õigluse raskused,Трудности на правосъдието,Dificuldades de justiça,Oikeuden vaikeudet,Trudności sprawiedliwości,Adalet zorlukları,Pravosodne stiske,Pravosudne muke,Difficultés judiciaires,Gerechtigkeitsschwierigkeiten,Gerechtegkeet Schwieregkeeten,Greutățile justiției,Difficoltà della giustizia,Teisingumo sunkumai,Tbatijiet tal-ġustizzja,dificultades de justicia,Spravodlivé ťažkosti,Justitie ontberingen,Rättvisa svårigheter
-,Control,Control,Personal data,Theft,-,-,Legal system,,,,,,,,,,,,,,,,,,,,,,,,,Řízení,Smacht,Kontrolirati,Kontroll,Contrôle,Kontrol,Controle,Kontrola,Kontrolė,контрол,Kontrola,Kontrollera,Ohjaus,Styring,Kontroll,Kontrole,Ao controle,Nadzor,Ελεγχος,Control,Controllo,Ellenőrzés,Control,Kontrolle,Kontroll,Řízení,Smacht,Kontroll,Contrôle,Kontrol,Controle,Kontrola,Kontrolė,контрол,Kontrola,Kontrollera,Ohjaus,Styring,Kontroll,Kontrole,Ao controle,Nadzor,Ελεγχος,Control,Controllo,Ellenőrzés,Control,Kontroll,Osobní data,Sonraí pearsanta,Osobni podaci,Data personali,Données personnelles,Kişisel veri,Persoonlijke gegevens,Dane osobiste,Asmeniniai duomenys,Лични данни,Osobné údaje,Personlig information,Henkilökohtaiset tiedot,Personlig data,Perséinlech Daten,Personas dati,Dados pessoais,Osebni podatki,Προσωπικά δεδομένα,Date personale,Dati personali,Személyes adatok,Información personal,persönliche Daten,,Kontrolirati,Kontrolle,Isiklikud andmed,Κλοπή,Zādzība,Tyveri,Goid,Lopás,Krádež,Vol,Kraja,Vagystė,Stöld,Krađa,Furto,Serq,Çalınması,кражба,Diefstal,Vargus,Krádež,Varkaus,Robo,Furt,Déifstall,Kradzież,Diebstahl,Roubo,,,,,,,,,,,,,,,,,,,,,,,,,,,,,,,,,,,,,,,,,,,,,,,,,,,Νομικό σύστημα,Legāla sistēma,Rets system,Córas dlí,Jogrendszer,Legální systém,Õigussüsteem,Легална система,Sistema legal,Oikeusjärjestelmä,System prawny,Yasal sistem,Pravni sistem,Legalni sistem,Système légal,Rechtsordnung,Juristesch System,Sistemul juridic,Sistema giuridico,Teisinė sistema,Sistema legali,Sistema legal,Právny systém,Rechtssysteem,Rättssystem
-,Inspection,Inspection,Child labor,Armed robbery,-,-,Legal Proceedings,,,,,,,,,,,,,,,,,,,,,,,,,Inspekce,Cigireacht,Inspekcija,Spezzjoni,Inspection,Denetleme,Inspectie,Kontrola,Inspekcija,инспекция,Inšpekcia,Inspektion,Tarkastus,Inspektion,Inspektioun,Pārbaude,Inspeção,Inšpekcija,Επιθεώρηση,Inspecţie,Ispezione,Ellenőrzés,Inspección,Inspektion,Ülevaatus,Inspekce,Cigireacht,Spezzjoni,Inspection,Denetleme,Inspectie,Kontrola,Inspekcija,инспекция,Inšpekcia,Inspektion,Tarkastus,Inspektion,Inspektioun,Pārbaude,Inspeção,Inšpekcija,Επιθεώρηση,Inspecţie,Ispezione,Ellenőrzés,Inspección,Ülevaatus,Dětská práce,Fostú páistí,Dječji rad,Xogħol tat-tfal,Le travail des enfants,Çocuk işçiliği,Kinderarbeid,Dziecięca praca,Vaikų darbas,Детски труд,Detská práca,Barnarbete,Lapsityövoima,Børnearbejde,Kanneraarbecht,Bērnu nodarbinātība,Trabalho infantil,Otroško delo,Παιδική εργασία,Munca copiilor,Lavoro minorile,Gyermekmunka,Trabajo infantil,Kinderarbeit,,Inspekcija,Inspektion,Lapstööjõud,Ενοπλη ληστεία,Bruņota laupīšana,Væbnet røveri,Robáil armtha,Fegyveres rablás,Ozbrojená loupež,Vol à main armée,Oborožen rop,Ginkluotas apiplesimas,Väpnat rån,Oružana pljačka,Rapina a mano armata,Serq bl-armi,Silahlı soygun,Въоръжен грабеж,Gewapende overval,Relvastatud rööv,Ozbrojená lúpež,Aseellinen ryöstö,Robo a mano armada,Jaf armat,Arméiert Iwwerfall,Napad z bronią w ręku,Bewaffneter Raub,Assalto à mão armada,,,,,,,,,,,,,,,,,,,,,,,,,,,,,,,,,,,,,,,,,,,,,,,,,,,Νόμιμες διαδικασίες,Tiesvedība,Retslige processer,Imeachtaí Dlí,Jogi eljárások,Právní řízení,Õigusmenetlused,Съдебни производства,Procedimentos legais,Oikeudelliset menettelyt,Postępowanie sądowe,Yasal işlemler,Pravni postopki,Pravna procedura,Poursuite judiciaire,Gerichtsverfahren,Juristesch Prozeduren,Proceduri legale,Azioni legali,Teisiniai procesai,Proċedimenti Legali,Procedimientos legales,Súdne konanie,Legale processen,Rättsliga förfaranden
-,Regulation,Regulation,Environmental protection,Extortion,-,-,Jurisprudence,,,,,,,,,,,,,,,,,,,,,,,,,Nařízení,Rialachán,Regulacija,Regolament,Régulation,Düzenleme,Regulatie,Rozporządzenie,reglamentas,Регламент,nariadenia,förordning,Säätö,Regulering,Regulatioun,regula,Regulamento,Uredba,Κανονισμός λειτουργίας,Regulament,Regolamento,Szabályozás,Regulación,Verordnung,määrus,Nařízení,Rialachán,Regolament,Régulation,Düzenleme,Regulatie,Rozporządzenie,reglamentas,Регламент,nariadenia,förordning,Säätö,Regulering,Regulatioun,regula,Regulamento,Uredba,Κανονισμός λειτουργίας,Regulament,Regolamento,Szabályozás,Regulación,määrus,Ochrana životního prostředí,Cosaint an chomhshaoil,Zaštita okoliša,Protezzjoni ambjentali,Protection environnementale,Çevresel koruma,Milieubescherming,Ochrona środowiska,Aplinkos apsauga,Опазване на околната среда,Ochrana životného prostredia,Miljöskydd,Ympäristönsuojelu,Miljøbeskyttelse,Ëmweltschutz,Vides aizsardzība,Proteção Ambiental,Varstvo okolja,Την προστασία του περιβάλλοντος,Protectia mediului,Protezione ambientale,Környezetvédelem,Protección del medio ambiente,Umweltschutz,,Regulacija,Verordnung,Keskkonnakaitse,Εκβιασμός,Izspiešana,Afpresning,Sracaireacht,Zsarolás,Vydírání,Extorsion,Izsiljevanje,Prievartavimas,Utpressning,Iznuđivanje,Estorsione,Estorsjoni,Gasp,Изнудване,Afpersing,Väljapressimine,Vydieranie,Kiristys,Extorsión,Extorcare,Erpressung,Wymuszenie,Erpressung,Extorsão,,,,,,,,,,,,,,,,,,,,,,,,,,,,,,,,,,,,,,,,,,,,,,,,,,,Νομολογία,Jurisprudence,Retsvidenskab,Dlí-eolaíocht,Jogtudomány,judikatura,Õigusteadus,юриспруденция,Jurisprudência,Oikeustiede,Jurysprudencja,Hukuk,Pravna praksa,jurisprudencija,Jurisprudence,Jurisprudenz,Jurisprudenz,Jurisprudenţă,Giurisprudenza,Jurisprudencija,Ġurisprudenza,Jurisprudencia,judikatúra,Jurisprudentie,Juridik
-,Attention,Attention,Environmental rights,Terrorism,-,-,Correctional system,,,,,,,,,,,,,,,,,,,,,,,,,Pozornost,Aird,Pažnja,Attenzjoni,Attention,Dikkat,Aandacht,Uwaga,Dėmesio,внимание,Pozornosť,Uppmärksamhet,Huomio,Opmærksomhed,Opgepasst,Uzmanību,Atenção,Pozor,Προσοχή,Atenţie,Attenzione,Figyelem,Atención,Aufmerksamkeit,Tähelepanu,Pozornost,Aird,Attenzjoni,Attention,Dikkat,Aandacht,Uwaga,Dėmesio,внимание,Pozornosť,Uppmärksamhet,Huomio,Opmærksomhed,Opgepasst,Uzmanību,Atenção,Pozor,Προσοχή,Atenţie,Attenzione,Figyelem,Atención,Tähelepanu,Environmentální práva,Cearta comhshaoil,Ekološka prava,Drittijiet ambjentali,Droits environnementaux,Çevresel haklar,Milieurechten,Prawa środowiskowe,Aplinkosaugos teisės,Екологични права,Environmentálne práva,Miljörättigheter,Ympäristöoikeudet,Miljørettigheder,Ëmweltrechter,Vides tiesības,Direitos ambientais,Okoljske pravice,Περιβαλλοντικά δικαιώματα,Drepturile de mediu,Diritti ambientali,Környezetvédelmi jogok,Derechos ambientales,Umweltrechte,,Pažnja,Aufmerksamkeit,Keskkonnaõigused,Τρομοκρατία,Terorisms,Terrorisme,Sceimhlitheoireacht,Terrorizmus,Terorismus,Terrorisme,Terorizem,Terorizmas,Terrorism,Terorizam,Terrorismo,Terroriżmu,Terörizm,Тероризъм,Terrorisme,Terrorism,terorizmus,Terrorismi,Terrorismo,Terorism,Terrorismus,Terroryzm,Terrorismus,Terrorismo,,,,,,,,,,,,,,,,,,,,,,,,,,,,,,,,,,,,,,,,,,,,,,,,,,,Διορθωτικό σύστημα,Korekcijas sistēma,Kriminalforsorgssystemet,Córas ceartúcháin,Korrekciós rendszer,Nápravný systém,Parandussüsteem,Корекционна система,Sistema correcional,Korjausjärjestelmä,System poprawczy,Düzeltme sistemi,Popravni sistem,Popravni sustav,Système correctionnel,Strafvollzugssystem,Korrektursystem,Sistemul corecțional,Sistema correttivo,Korekcinė sistema,Sistema korrettiva,Sistema correccional,Nápravný systém,Correctiesysteem,Kriminalvårdssystem
-,Compliance,-,Right to vote,Armed conflict,-,-,Prison,,,,,,,,,,,,,,,,,,,,,,,,,Dodržování,Comhlíonadh,Usklađenost,Konformità,Conformité,uyma,Naleving,Zgodność,Laikymasis,Съответствие,Súlad,Efterlevnad,Vaatimustenmukaisuus,Overholdelse,Konformitéit,Atbilstība,Conformidade,Skladnost,Συμμόρφωση,Conformitate,Conformità,Megfelelés,Cumplimiento,Einhaltung,Vastavus,,,,,,,,,,,,,,,,,,,,,,,,Právo volit,Ceart vótála,Pravo glasa,Dritt tal-vot,Droit de vote,Oy kullanma hakkı,Actief kiesrecht,Prawo do głosowania,Teisė balsuoti,Право на глас,Volebné právo,Rösträtt,Oikeus äänestää,Stemmeret,Wahlrecht,Tiesības balsot,Direito ao voto,Volilna pravica,Δικαίωμα ψήφου,Dreptul de a vota,Diritto al voto,Szavazati jog,Derecho a votar,Recht zu wählen,,,,Õigus hääletada,Ένοπλες συγκρούσεις,Bruņots konflikts,Væbnet konflikt,Coimhlint armtha,Fegyveres konfliktus,Ozbrojený konflikt,Un conflit armé,Oboroženi spopad,Ginkluotas konfliktas,Beväpnad konflikt,Oružani sukob,Conflitto armato,Konflitt armat,Silahlı çatışma,Въоръжен конфликт,Gewapend conflict,Relvastatud konflikt,Ozbrojený konflikt,Aseellinen konflikti,Conflicto armado,Conflict armat,Bewaffnete Konflikt,Konflikt zbrojny,Bewaffneter Konflikt,Conflito armado,,,,,,,,,,,,,,,,,,,,,,,,,,,,,,,,,,,,,,,,,,,,,,,,,,,Φυλακή,Cietums,Fængsel,príosún,Börtön,Vězení,Vangla,Затвор,Prisão,Vankila,Więzienie,Hapishane,Zapor,Zatvor,Prison,Gefängnis,Prisong,Închisoare,Prigione,Kalėjimas,Ħabs,Prisión,Väzenie,Gevangenis,Fängelse
-,Contracts,-,Presumption of innocence,War,-,-,Legal assistance,,,,,,,,,,,,,,,,,,,,,,,,,Smlouvy,Conarthaí,Ugovori,Kuntratti,Contrats,Sözleşmeler,Contracten,Umowy,Sutartys,Договори,zmluvy,Kontrakt,Sopimukset,Kontrakter,Kontrakter,Līgumi,Contratos,pogodbe,Συμβόλαια,Contracte,Contratti,Szerződések,Contratos,Verträge,Lepingud,,,,,,,,,,,,,,,,,,,,,,,,Presumpce neviny,Toimhde na neamhchiontachta,Pretpostavka nevinosti,Preżunzjoni ta' innoċenza,Présomption d'innocence,Masumiyet karinesi,Vermoeden van onschuld,Domniemanie niewinności,Nekaltumo prezumpcija,Презумпция за невинност,Prezumpcia neviny,Oskuldspresumtion,Olettamus viattomuudesta,Formodning om uskyld,Viraussetzung vun Onschold,Nevainīguma prezumpcija,Presunção de inocência,Domneva nedolžnosti,Τεκμήριο αθωότητας,Prezumtia de nevinovatie,Presunzione di innocenza,Az ártatlanság vélelme,Presunción de inocencia,Unschuldsvermutung,,,,Süütuse presumptsioon,Πόλεμος,Karš,Krig,Cogaidh,Háború,Válka,Guerre,Vojna,Karas,Krig,Rat,Guerra,Gwerra,Savaş,война,Oorlog,Sõda,Vojna,Sota,Guerra,Război,Krich,Wojna,Krieg,Guerra,,,,,,,,,,,,,,,,,,,,,,,,,,,,,,,,,,,,,,,,,,,,,,,,,,,ΝΟΜΙΚΗ ΥΠΟΣΤΗΡΙΞΗ,Juridiskā palīdzība,Juridisk bistand,Cúnamh dlíthiúil,Jogi segítség,Právní pomoc,Õigusabi,Правна помощ,Assistência legal,Oikeusapu,Pomoc prawna,Yasal yardım,Pravna pomoč,Pravna pomoć,Assistance légale,Rechtsberatung,Juristesch Hëllef,Asistenta legala,Assistenza legale,Teisinė pagalba,Assistenza legali,Asistencia legal,Právna pomoc,Juridische hulp,Laglig assistans
-,Agreement,-,Public data/information,Mob violence,-,-,-,,,,,,,,,,,,,,,,,,,,,,,,,Dohoda,Comhaontú,Sporazum,Ftehim,Accord,Anlaşma,Overeenkomst,Porozumienie,susitarimas,споразумение,Dohoda,Avtal,sopimus,Aftale,Accord,vienošanās,Acordo,dogovor,Συμφωνία,Acord,Accordo,Megegyezés,Acuerdo,Vereinbarung,Kokkulepe,,,,,,,,,,,,,,,,,,,,,,,,Veřejná data/informace,Sonraí/faisnéis phoiblí,Javni podaci/informacije,Data/informazzjoni pubblika,Données/informations publiques,Kamuya açık veriler/bilgiler,Openbare gegevens/informatie,Dane/informacje publiczne,Vieši duomenys/informacija,Публични данни/информация,Verejné údaje/informácie,Offentlig data/information,Julkiset tiedot,Offentlige data/oplysninger,Ëffentlech Donnéeën / Informatiounen,Publiski dati/informācija,Dados/informações públicas,Javni podatek/informacija,Δημόσια δεδομένα/πληροφορίες,Date/informații publice,Dati/informazioni pubbliche,Nyilvános adatok/információk,Datos/información públicos,Öffentliche Daten/Informationen,,,,Avalikud andmed/teave,Μαφική βία,Mob vardarbība,Pøbelvold,Foréigean Mob,Maffiaerőszak,Násilí davu,Violence collective,Mafijsko nasilje,Mob smurtas,Mobbvåld,Mafijsko nasilje,Violenza di massa,Vjolenza tal-folla,Çete şiddeti,Мафиотско насилие,Geweld van de maffia,Maffiavägivald,Davové násilie,Väkivaltaa väkijoukkoon,Violencia callejera,Violența mafiotă,Mob Gewalt,Przemoc tłumu,Mob-Gewalt,Violência da multidão,,,,,,,,,,,,,,,,,,,,,,,,,,,,,,,,,,,,,,,,,,,,,,,,,,,,,,,,,,,,,,,,,,,,,,,,,,,
